{
    "name" : "Bank of Pennsylvannia",
    
    "location" : {
        "address" : "",
        "latitude" : 39.9471975,
        "longitude" : -75.1443661
    },

    "background" : {
        "construction" : {
            "completed" : "1801",
            "demolished" : "1867",
            "architect" : "Benjamin Henry Latrobe"
        },

        "story" : "",
        "notes" : "Used as a prison during the Civil War."
    },

    "meta" : {
        "imgID" : "bankofamerica.jpg",
        "GUID" : "d0"
    }
}